merchant_id,merchant_name,category,subcategory,city,state,country,onboarded_at,rating,is_active
M001,Electronics Mobile Store 01,electronics,mobile,syracuse,pescara,italy,2023-09-28,4.6,True
M002,Electronics Audio Store 02,electronics,audio,modena,syracuse,italy,2023-05-02,4.0,True
M003,Fashion Apparel Store 03,fashion,apparel,ferrara,ferrara,italy,2023-03-29,4.2,True
M004,Grocery Staples Store 04,grocery,staples,taranto,novara,italy,2023-05-11,3.8,True
M005,Grocery Fruits Store 05,grocery,fruits,andria,novara,italy,2024-05-06,4.8,True
M006,Home Kitchen Store 06,home,kitchen,andria,modena,italy,2023-06-10,4.1,True
M007,Books Education Store 07,books,education,monza,turin,italy,2024-07-14,4.4,True
M008,Sports Fitness Store 08,sports,fitness,trento,perugia,italy,2024-11-30,4.2,True
M009,Beauty Skincare Store 09,beauty,skincare,vicenza,turin,italy,2024-07-20,4.9,True
M010,Pharmacy Otc Store 10,pharmacy,otc,aosta,salerno,italy,2024-10-08,4.0,True
M011,Fuel Petrol Store 11,fuel,petrol,syracuse,livorno,italy,2024-01-23,4.8,True
M012,Travel Tickets Store 12,travel,tickets,forlì,cagliari,italy,2023-12-12,3.9,True
M013,Utilities Electricity Store 13,utilities,electricity,milan,perugia,italy,2024-01-02,4.6,True
M014,Utilities Water Store 14,utilities,water,turin,brescia,italy,2023-02-04,4.8,True
M015,Food Restaurant Store 15,food,restaurant,rome,taranto,italy,2024-01-23,4.1,True
M016,Electronics Mobile Store 16,electronics,mobile,bologna,trento,italy,2024-04-21,4.9,True
M017,Electronics Audio Store 17,electronics,audio,palermo,turin,italy,2023-06-11,4.2,True
M018,Fashion Apparel Store 18,fashion,apparel,rome,forlì,italy,2023-09-28,3.9,True
M019,Grocery Staples Store 19,grocery,staples,naples,taranto,italy,2024-12-25,4.2,True
M020,Grocery Fruits Store 20,grocery,fruits,livorno,vicenza,italy,2023-02-22,4.4,True
M021,Home Kitchen Store 21,home,kitchen,padua,venice,italy,2023-02-10,4.1,True
M022,Books Education Store 22,books,education,venice,ancona,italy,2024-06-04,4.6,True
M023,Sports Fitness Store 23,sports,fitness,turin,brescia,italy,2024-04-16,3.8,True
M024,Beauty Skincare Store 24,beauty,skincare,latina,brescia,italy,2024-11-05,4.7,True
M025,Pharmacy Otc Store 25,pharmacy,otc,bergamo,trento,italy,2023-08-19,4.5,True
M026,Fuel Petrol Store 26,fuel,petrol,perugia,bolzano,italy,2023-07-20,4.5,True
M027,Travel Tickets Store 27,travel,tickets,reggio emilia,reggio calabria,italy,2023-02-17,4.2,True
M028,Utilities Electricity Store 28,utilities,electricity,novara,salerno,italy,2023-04-09,4.5,True
M029,Utilities Water Store 29,utilities,water,monza,parma,italy,2024-06-30,4.3,True
M030,Food Restaurant Store 30,food,restaurant,salerno,vicenza,italy,2024-04-06,4.7,True
